title,url,date_text,summary,date
Two children and two adults survive after Tesla plunges 250 feet off California cliff,https://www.nbcnews.com/news/us-news/two-children-two-adults-survive-tesla-plunges-250-feet-california-clif-rcna63999,"Jan 03, 2023","Two adults and two children, 4 and 9, were rescued from a Tesla that plunged 250 feet off a cliff Monday morning in San Mateo County, California, officials",2023-01-03
Tesla shares tumble following deliveries report,https://www.nbcnews.com/business/business-news/tesla-shares-tumble-on-deliveries-report-rcna64057,"Jan 03, 2023","Shares of Tesla dropped 13% on Tuesday morning, a day after the electric auto maker reported fourth-quarter vehicle production and delivery numbers for 2022.",2023-01-03
Driver arrested for attempted murder after Tesla drove off California cliff,https://www.nbcnews.com/now/video/driver-arrested-for-attempted-murder-after-tesla-drove-off-california-cliff-159226437993,"Jan 03, 2023",,2023-01-03
Four survive 250-foot plunge off Californian cliff in Tesla,https://www.nbcnews.com/video/four-survive-250-foot-plunge-off-californian-cliff-in-tesla-159174725567,"Jan 03, 2023",,2023-01-03
"Tesla driver who plunged his family off California cliff did so on purpose, officials say",https://www.nbcnews.com/news/us-news/tesla-driver-plunged-family-california-cliff-purpose-officials-say-rcna64170,"Jan 03, 2023","A California man intentionally drove a Tesla off a 250-foot cliff in an attempt to kill his family, officials said Tuesday.",2023-01-03
Twitter says it will relax ban on political advertising,https://www.nbcnews.com/politics/politics-news/twitter-says-will-relax-ban-political-advertising-rcna64202,"Jan 04, 2023","Twitter says it will ease up on its ban on political advertising, the latest change by Elon Musk as he tries to pump up revenue after purchasing the company.",2023-01-04
Man who drove Tesla off cliff with family inside charged with attempted murder,https://www.nbcnews.com/nightly-news/video/man-who-drove-tesla-off-cliff-with-family-inside-charged-with-attempted-murder-159292485910,"Jan 04, 2023",,2023-01-04
"Unlikely survival of family that plunged off 250-foot California cliff credited to luck, Tesla's design",https://www.nbcnews.com/news/us-news/luck-tesla-family-plunged-cliff-rcna64547,"Jan 05, 2023","Survival of California family that plunged 250 feet off cliff due to luck, Tesla's design, experts say",2023-01-05
"Elon Musk attorneys try to move trial from California to Texas, citing ‘local negativity’",https://www.nbcnews.com/tech/tech-news/elon-musk-attorneys-try-move-trial-california-texas-citing-local-negat-rcna64745,"Jan 07, 2023","Attorneys for Tesla and Elon Musk are asking a federal judge in San Francisco to move, or delay, a forthcoming trial from Northern California to Western Texas.",2023-01-07
China reopens borders in final farewell to zero-Covid policy,https://www.nbcnews.com/news/world/china-zero-covid-policy-borders-open-lunar-new-year-rcna64776,"Jan 08, 2023","Travelers began streaming into mainland China by air, land and sea on Sunday, many eager for long-awaited reunions, as Beijing opened borders that have been",2023-01-08
Tesla owners in China protest against surprise price cuts they missed,https://www.nbcnews.com/news/world/tesla-owners-china-protest-surprise-price-cuts-missed-rcna64838,"Jan 09, 2023","Hundreds of Tesla owners gathered at the automaker's showrooms and distribution centers in China over the weekend, demanding rebates and credit.",2023-01-09
Musk aims to move Tesla trial from California to Texas,https://www.nbcnews.com/now/video/musk-aims-to-move-tesla-trial-from-california-to-texas-159583813802,"Jan 09, 2023",,2023-01-09
Tesla plans to expand Texas factory,https://www.nbcnews.com/video/tesla-plans-to-expand-texas-gigafactory-159707717870,"Jan 11, 2023",,2023-01-11
Tesla plans to spend more than $770 million on Texas factory expansion,https://www.nbcnews.com/tech/tech-news/tesla-plans-spend-770-million-texas-factory-expansion-rcna65275,"Jan 11, 2023",Tesla has registered with the state of Texas to expand its electric vehicle factory in Austin this year.,2023-01-11
Trial starts over Musk's 2018 claim to take Tesla private,https://www.nbcnews.com/now/video/trial-starts-over-musk-s-2018-claim-to-take-tesla-private-160075333504,"Jan 17, 2023",,2023-01-17
"Tesla video promoting self-driving was staged, engineer testifies",https://www.nbcnews.com/business/business-news/tesla-video-promoting-self-driving-was-staged-engineer-testifies-rcna66150,"Jan 17, 2023",A 2016 video that Tesla used to promote its self-driving technology was staged to show capabilities like stopping at a red light and accelerating at a green,2023-01-17
Twitter auctions off blue bird memorabilia and pricey furniture,https://www.nbcnews.com/tech/tech-news/twitter-auctions-blue-bird-memorabilia-pricey-furniture-rcna66388,"Jan 18, 2023","A neon Twitter bird for $35,000, anyone? How about a used industrial kitchen mixer for a good price? Going once...",2023-01-18
Lawyers spar over whether Elon Musk misled investors with his tweets,https://www.nbcnews.com/business/business-news/tesla-funding-secured-lawsuit-elon-musk-shareholders-opening-statement-rcna66280,"Jan 18, 2023",Opening arguments kicked off Wednesday in a trial that is pitting Tesla against shareholders accusing the company of misleading them over a tweet by Elon Musk,2023-01-18
What to expect from Elon Musk’s trial over 2018 Tesla buyout tweets,https://www.nbcnews.com/now/video/what-to-expect-from-elon-musk-s-trial-over-2018-tesla-buyout-tweets-160108101693,"Jan 18, 2023",,2023-01-18
"Election denialism again spurs political violence, this time in N.M.",https://www.nbcnews.com/meet-the-press/first-read/election-denialism-spurs-political-violence-now-nm-rcna66479,"Jan 19, 2023","Since a brief moment of togetherness after Jan. 6 attacks, Republicans across the nation have refused to accept the premise that election denialism is a danger.",2023-01-19
Elon Musk takes the witness stand in court trial over his failed attempt to take Tesla private,https://www.nbcnews.com/business/business-news/tesla-shareholder-lawsuit-trial-update-elon-musk-rcna66590,"Jan 20, 2023","The court trial to decide whether a tweet Elon Musk sent in 2018 cost Tesla investors millions of dollars will resume Friday, with Musk himself potentially taking the stand.",2023-01-20
Microsoft invests billions in ChatGPT-maker OpenAI,https://www.nbcnews.com/tech/tech-news/microsoft-invests-billions-chatgpt-maker-openai-rcna67011,"Jan 23, 2023","Microsoft says it is making a “multiyear, multibillion dollar investment” in the artificial intelligence startup OpenAI, maker of ChatGPT and other tools that can write readable text and generate new images.",2023-01-23
Lawyers press Elon Musk in second day on witness stand over failed Tesla take-private deal,https://www.nbcnews.com/business/business-news/tesla-shareholders-lawsuit-elon-musk-testimony-what-happened-rcna66986,"Jan 23, 2023","Tesla CEO Elon Musk told a jury Monday in San Francisco that he was merely considering taking Tesla private when he tweeted in 2018 that he had ""secured"" funding to do so — and that the funding was going to come in part from his stake in SpaceX, Musk's rocket company.",2023-01-23
Twitter faces lawsuits over unpaid rent for U.S. HQ and U.K. office,https://www.nbcnews.com/tech/tech-news/twitter-faces-lawsuits-unpaid-rent-us-hq-uk-office-rcna67167,"Jan 24, 2023","More landlords are taking Twitter to court over unpaid rent, this time at the social media company’s headquarters in San Francisco and its British offices.",2023-01-24
Elon Musk's Twitter faces censorship allegations in India free speech battle,https://www.nbcnews.com/tech/social-media/modi-twitter-bbc-musk-elon-documentary-watch-video-rcna67497,"Jan 25, 2023",Elon Musk is facing allegations of complying with state censorship after Twitter appeared to take sides with India’s government in a turbulent free speech fight.,2023-01-25
Elon Musk meets with House Republicans,https://www.nbcnews.com/now/video/elon-musk-meets-with-house-republicans-161952837597,"Jan 27, 2023",,2023-01-27
Two companies race to deploy robotaxis in San Francisco. The city wants them to hit the brakes.,https://www.nbcnews.com/tech/tech-news/san-francisco-looks-hit-brakes-self-driving-cars-rcna66204,"Jan 27, 2023",San Francisco is trying to slow the expansion of robotaxis after repeated incidents in which cars without drivers stopped and idled in the middle of the street.,2023-01-27
India's Gen Z grapples with Modi's dark past in new documentary,https://www.nbcnews.com/news/world/india-narendra-modi-bbc-documentary-protests-gujurat-riot-rcna67795,"Jan 28, 2023",Authorities in India have gone to extraordinary lengths to stop people from seeing a new BBC documentary that is critical of Prime Minister Narendra Modi and his role in the deadly 2002 riots in Gujarat.,2023-01-28
Driver in California cliff crash that injured his wife and two young children is moved from hospital to jail,https://www.nbcnews.com/news/crime-courts/driver-california-cliff-crash-injured-two-young-children-wife-moved-ho-rcna68082,"Jan 29, 2023","Driver of car that plunged off cliff in northern California, injuring his two young children and his wife, released from hospital and jailed.",2023-01-29
"Ford cuts prices on electric Mustang Mach-E, following Tesla’s lead",https://www.nbcnews.com/business/autos/ford-cuts-prices-electric-mustang-mach-e-teslas-lead-rcna68176,"Jan 30, 2023","DETROIT — Ford Motor is increasing production and cutting prices of its electric Mustang Mach-E crossover, weeks after industry leader Tesla announced similar plans for its EVs.",2023-01-30
Tesla driver charged with attempted murder after driving family off California cliff,https://www.nbcnews.com/video/tesla-driver-charged-with-attempted-murder-after-driving-family-off-california-cliff-162162245877,"Jan 30, 2023",,2023-01-30
Ford will cut prices for EV Mach-E following Tesla price slash,https://www.nbcnews.com/now/video/ford-will-cut-prices-for-ev-mach-e-following-tesla-price-slash-162124869625,"Jan 30, 2023",,2023-01-30
"Tesla car battery 'spontaneously' catches fire on California freeway, requiring 6,000 gallons of water to put it out",https://www.nbcnews.com/business/business-news/tesla-car-battery-fire-needed-6000-gallons-water-to-extinguish-rcna68153,"Jan 30, 2023","A Tesla car battery ""spontaneously"" burst into flames on a California freeway Saturday, and firefighters needed 6,000 gallons of water to put it out.",2023-01-30
Tesla driver is charged with attempted murder after allegedly plunging his family off a California cliff on purpose,https://www.nbcnews.com/news/us-news/tesla-driver-charged-attempted-murder-allegedly-plunging-family-califo-rcna68173,"Jan 30, 2023","Northern California prosecutors on Monday filed attempted murder charges against a motorist who was behind the wheel of a Tesla that went over a cliff, nearly killing himself, his wife and two children.",2023-01-30
Want to build a website? Just ask ChatGPT in plain English,https://www.nbcnews.com/tech/tech-news/chatgpt-code-website-rcna66981,"Feb 01, 2023",YouTube and TikTok are already rife with videos of people showing how they’ve found ways to have ChatGPT perform tasks that once required a hefty dose of coding ability.,2023-02-01
Jury finds Elon Musk did not defraud Tesla investors with infamous 'funding secured' claim,https://www.nbcnews.com/business/business-news/elon-musk-funding-secured-trial-verdict-rcna68634,"Feb 03, 2023","A jury found Elon Musk not liable for costing investors millions of dollars when he issued a series of tweets saying he had ""secured"" funding to take the electric car maker private.",2023-02-03
Mystery surrounding a fatal Tesla crash with no one behind the wheel is solved,https://www.nbcnews.com/news/us-news/mystery-surrounding-fatal-tesla-crash-no-one-wheel-solved-rcna69865,"Feb 09, 2023","Investigators from the National Transportation Safety Board apparently have solved the mystery of why no one was found behind the steering wheel of a Tesla that crashed in a Texas two years ago, killing two men.",2023-02-09
Russian national with ties to Putin convicted of hacking U.S. companies in $90 million insider trading scheme,https://www.nbcnews.com/politics/russian-national-ties-putin-convicted-hacking-us-companies-90-million-rcna70652,"Feb 14, 2023",A Russian businessman with ties to President Vladimir Putin was convicted Tuesday of participating in a $90 million insider trading scam that relied on confidential information stolen from U.S. companies through computer hacking.,2023-02-14
"Tesla will open part of electric vehicle charging network to other drivers, White House says",https://www.nbcnews.com/politics/white-house/tesla-will-open-part-electric-vehicle-charging-network-drivers-white-h-rcna70744,"Feb 15, 2023","Tesla will open a portion of its electric vehicle charging stations to drivers of other vehicles by the end of next year, the White House said.",2023-02-15
Complaint accuses Tesla of firing more than 30 workers after union effort was announced,https://www.nbcnews.com/business/business-news/tesla-fired-workers-after-union-effort-was-announced-complaint-alleges-rcna71008,"Feb 16, 2023","A group of Tesla workers in Buffalo, New York, have filed a complaint with the National Labor Relations Board accusing the electric carmaker of firing at least 30 workers in response to their union organizing efforts.",2023-02-16
"Tesla recalling nearly 363,000 vehicles over 'full self-driving' software that could lead to crashes",https://www.nbcnews.com/business/consumer/tesla-recalls-model-s-model-x-model-3-model-y-fsd-software-rcna71048,"Feb 16, 2023","Tesla is recalling 362,758 vehicles because a version of its ""full self-driving"" software may increase the risk of crashes, according to the National Highway Traffic Safety Administration in response to a notice Tesla sent the agency on Wednesday.",2023-02-16
Tesla accused of firing workers amid push to unionize,https://www.nbcnews.com/now/video/tesla-fires-workers-amid-push-to-unionize-163507269867,"Feb 16, 2023",,2023-02-16
DeSantis sports strong numbers even before entering W.H. race. Will it last?,https://www.nbcnews.com/meet-the-press/first-read/desantis-sports-strong-2024-numbers-will-last-rcna71154,"Feb 17, 2023","Florida Gov. Ron DeSantis starts the 2024 GOP presidential race as a co-frontrunner with Donald Trump, according to polls. But can he withstand coming attacks?",2023-02-17
Tesla driver killed after plowing into firetruck on Northern California freeway,https://www.nbcnews.com/news/us-news/tesla-driver-killed-plowing-firetruck-northern-california-freeway-rcna71436,"Feb 20, 2023","A Tesla driver was killed and a passenger was critically injured Saturday when the car plowed into a fire truck that was parked on a Northern California freeway to shield a crew clearing another accident, fire officials said.",2023-02-20
Elon Musk calls U.S. media and schools 'racist against whites & Asians' after newspapers drop 'Dilbert',https://www.nbcnews.com/tech/tech-news/elon-musk-calls-us-media-schools-racist-whites-asians-newspapers-drop-rcna72437,"Feb 27, 2023","Elon Musk, the CEO of SpaceX, Tesla and Twitter, accused “the media” and “elite colleges and high schools” of being “racist” against white and Asian people.",2023-02-27
Chinese state-linked paper lashes out at Elon Musk over lab leak theory,https://www.nbcnews.com/tech/tech-news/chinese-government-linked-paper-lashes-elon-musk-lab-leak-theory-rcna72788,"Feb 28, 2023",A Chinese state-run media outlet has issued a word of warning to Elon Musk: Be careful about how you talk about China.,2023-02-28
Tesla stock falls as investor day falls short on specifics,https://www.nbcnews.com/tech/tech-news/tesla-stock-falls-investor-day-falls-short-specifics-rcna73066,"Mar 02, 2023","Electric vehicle maker Tesla hosted a 2023 investor day presentation in Austin, Texas, on Wednesday.",2023-03-02
Past business partner of influencer who led $1 million coronavirus con said she 'terrifies' him,https://www.nbcnews.com/news/us-news/business-partner-influencer-led-1-million-coronavirus-con-said-terrifi-rcna73839,"Mar 08, 2023",A social media influencer pleaded guilty this week to using more than $1 million in pandemic relief funds to pay for a lavish lifestyle that she flaunted online.,2023-03-08
Feds investigating Tesla over complaints that steering wheels are falling off while driving,https://www.nbcnews.com/business/autos/feds-investigating-tesla-complaints-steering-wheels-are-falling-drivin-rcna73935,"Mar 08, 2023",U.S. auto safety regulators have opened an investigation into Tesla’s Model Y SUV after getting two complaints that the steering wheels can come off while being driven.,2023-03-08
Two Canadian motorists unknowingly open wrong Teslas and are allowed to drive away,https://www.nbcnews.com/news/us-news/canadian-motorist-unknowingly-opens-wrong-tesla-allowed-drive-away-rcna74872,"Mar 14, 2023","A pair of Canadian Tesla owners accidentally climbed into the wrong cars before their apps allowed them to drive away in lookalike vehicles, they said Tuesday.",2023-03-14
"Driver accidentally unlocks, drives Tesla after mistaking it for his own",https://www.nbcnews.com/now/video/driver-accidentally-unlocks-drives-tesla-after-mistaking-it-for-his-own-165203525682,"Mar 14, 2023",,2023-03-14
Accusations of hypocrisy and threats of legal action cloud tech industry after SVB collapse,https://www.nbcnews.com/tech/tech-news/svb-failure-tech-industry-blamed-collapse-rcna74633,"Mar 15, 2023","After Silicon Valley Bank (SVB) collapsed, the tech industry got what it wanted when the government committed to back the bank's depositors. But at what price?",2023-03-15
Twitter celebs balk at paying Elon Musk for their blue check marks,https://www.nbcnews.com/tech/tech-news/twitter-celebs-balk-paying-elon-musk-blue-check-mark-rcna76968,"Mar 28, 2023","William Shatner, Monica Lewinsky and other prolific Twitter commentators could soon be losing the blue check marks that helped verify their identity on the social media platform.",2023-03-28
Feds launch investigation into Tesla seat belt parts,https://www.nbcnews.com/business/autos/tesla-seat-belt-investigation-nhtsa-rcna76989,"Mar 28, 2023",The National Highway Transportation Safety Administration has launched an investigation into seat belt parts on 2022 to 2023 Tesla Model X SUVs.,2023-03-28
"Leading technologists call for a 6-month pause in training advanced AI, warning of doomsday scenarios",https://www.nbcnews.com/tech/tech-news/elon-musk-several-technologists-call-pause-training-ai-systems-rcna77156,"Mar 29, 2023","A group of technology industry executives and academics have signed an open letter calling for at least a six-month pause on large, open experiments with artificial intelligence.",2023-03-29
Tesla ordered to pay more than $3 million in damages over racially hostile workplace,https://www.nbcnews.com/business/business-news/tesla-ordered-pay-3-million-damages-racially-hostile-workplace-rcna78029,"Apr 03, 2023","A San Francisco federal jury has ordered Tesla to pay $3 million in punitive damages and $175,000 in economic damages to Owen Diaz, a former elevator operator at the company’s factory in Fremont, California, after he endured a racially hostile work environment during his time at the company.",2023-04-03
"Wisconsin, Chicago races have a lot to teach us if we can take our eyes off Trump",https://www.nbcnews.com/meet-the-press/first-read/potential-lessons-wisconsin-chicago-races-can-take-eyes-trump-rcna78075,"Apr 04, 2023","Former President Donald Trump's indictment will dominate Tuesday's news, but elections in Wisconsin and Chicago could hold key lessons about today's politics.",2023-04-04
Tesla workers shared sensitive images recorded by customer cars,https://www.nbcnews.com/business/business-news/tesla-workers-shared-sensitive-images-recorded-by-customer-cars-rcna78502,"Apr 06, 2023",Tesla assures its millions of electric car owners that their privacy “is and will always be enormously important to us.”,2023-04-06
Bloomberg plans to integrate GPT-style AI into its terminal,https://www.nbcnews.com/business/business-news/bloomberg-plans-integrate-gpt-style-terminal-rcna79507,"Apr 13, 2023","Bloomberg has developed an AI model using the same technology as OpenAI’s GPT, and plans to integrate it into features delivered through its terminal software.",2023-04-13
Ford F-150 Lightning electric truck fire highlights a growing EV risk,https://www.nbcnews.com/business/consumer/ford-f-150-lightning-electric-truck-fire-highlights-growing-ev-risk-rcna80611,"Apr 20, 2023",New video footage of a fire involving a Ford F-150 Lightning this year highlights a growing concern around electric vehicles: volatile fires from the batteries that power them.,2023-04-20
Elon Musk’s Twitter drops government-funded media labels,https://www.nbcnews.com/tech/social-media/elon-musks-twitter-drops-government-funded-media-labels-rcna80811,"Apr 21, 2023",Twitter has removed labels describing global media organizations as government-funded or state-affiliated.,2023-04-21
California jury finds Tesla Autopilot did not fail in crash case,https://www.nbcnews.com/business/business-news/california-jury-finds-tesla-autopilot-not-fail-crash-case-rcna80902,"Apr 21, 2023","A California state court jury on Friday handed Tesla a sweeping win, finding that the car maker’s Autopilot feature did not fail to perform safely in what appears to be the first trial related to a crash involving the partially automated driving software.",2023-04-21
"GM to end production of electric Chevy Bolt, its first mass-market EV, this year",https://www.nbcnews.com/business/business-news/chevy-bolt-discontinued-gm-will-end-production-later-this-year-2023-rcna81319,"Apr 25, 2023","General Motors plans to end production of its electric Chevrolet Bolt models by the end of this year, CEO Mary Barra told investors Tuesday when discussing the company’s first-quarter earnings.",2023-04-25
Elon Musk meets with Sen. Schumer to discuss artificial intelligence,https://www.nbcnews.com/politics/congress/elon-musk-meets-schumer-discuss-artificial-intelligence-rcna81696,"Apr 26, 2023",Elon Musk visited Capitol Hill on Wednesday to meet with Senate Majority Leader Chuck Schumer for a discussion that focused on artificial intelligence.,2023-04-26
One killed in shooting at Colorado Tesla charging station,https://www.nbcnews.com/video/one-killed-in-shooting-at-colorado-tesla-charging-station-172748357534,"May 04, 2023",,2023-05-04
Tesla driver fatally shot in fight at Denver charging station,https://www.nbcnews.com/news/us-news/tesla-driver-fatally-shot-fight-denver-charging-station-rcna82836,"May 04, 2023","A fight at an electric vehicle charging station in suburban Denver escalated into a fatal shooting that killed a Tesla driver and put another man in custody, authorities said.",2023-05-04
Elon Musk says he's hired a new CEO for Twitter and will reduce his own role,https://www.nbcnews.com/tech/tech-news/elon-musk-says-hired-new-ceo-twitter-will-reduce-role-rcna84038,"May 11, 2023",Twitter owner Elon Musk said Thursday he has hired a new CEO to run the social media platform.,2023-05-11
China says Tesla to fix software for 1.1 million vehicles with braking issue,https://www.nbcnews.com/business/autos/china-says-tesla-fix-software-11-million-cars-braking-issue-rcna84137,"May 12, 2023",China’s market regulator said Tesla Inc.,2023-05-12
"Elon Musk still needs 'Twitter sitter,' judges rule",https://www.nbcnews.com/business/business-news/elon-musk-still-needs-twitter-sitter-judges-rule-rcna84504,"May 15, 2023",Tesla CEO Elon Musk lost an appeal to unwind parts of a consent decree that he and the automaker struck with the Securities and Exchange Commission to settle civil securities fraud charges in 2018.,2023-05-15
Self-driving bus starts taking passengers in U.K. trial,https://www.nbcnews.com/news/world/self-driving-bus-starts-taking-passengers-uk-first-rcna84386,"May 16, 2023","A self-driving bus service has started taking passengers in Edinburgh, Scotland, a U.K. first as part of a trial of autonomous driving technology.",2023-05-16
Elon Musk to be subpoenaed for documents in Virgin Islands' Epstein lawsuit against JPMorgan,https://www.nbcnews.com/business/business-news/elon-musk-subpoenaed-documents-virgin-islands-epstein-lawsuit-jpmorgan-rcna84612,"May 16, 2023","The U.S. Virgin Islands issued a subpoena to Tesla CEO Elon Musk seeking documents for that government’s lawsuit against JPMorgan Chase over sex trafficking by the bank’s late longtime customer Jeffrey Epstein, a court filing revealed Monday.",2023-05-16
Elon Musk says 'so be it' to consequences of his tweeting,https://www.nbcnews.com/tech/tech-news/musks-says-consequences-tweeting-rcna84758,"May 16, 2023","Tech billionaire Elon Musk defended his promotion of conspiracy theories, called the work-from-home trend morally wrong and criticized the direction of tech startup OpenAI in a wide-ranging and at times combative interview Tuesday with CNBC.",2023-05-16
Twitter CEO Elon Musk addresses conspiracy theories in CNBC interview,https://www.nbcnews.com/now/video/twitter-ceo-elon-musk-addresses-conspiracy-theories-in-cnbc-interview-174628933672,"May 17, 2023",,2023-05-17
"Man intentionally drove Tesla off cliff with family inside, wife says",https://www.nbcnews.com/video/man-intentionally-drove-tesla-off-cliff-with-family-inside-wife-says-174839877835,"May 18, 2023",,2023-05-18
"Wife of radiologist who drove Tesla off Calif. cliff with family inside said he did it 'on purpose,' unsealed docs reveal",https://www.nbcnews.com/news/us-news/wife-radiologist-drove-tesla-ca-cliff-family-said-purpose-unsealed-doc-rcna85033,"May 18, 2023","The wife of the California radiologist accused of intentionally driving his Tesla off a 330-foot cliff with her and their two young children inside early this year told authorities he plunged off the precipice “on purpose,” newly unsealed documents reveal.",2023-05-18
"Morning Rundown: G-7 summit, New Mexico mass shooting bodycam, Tesla cliff crash",https://www.nbcnews.com/news/morning-rundown-may-19-rcna85210,"May 19, 2023",Get everything you need to know to start your day. Sign up to get the Morning Rundown newsletter to your email inbox.,2023-05-19
"With DeSantis event, Twitter solidifies its place in the conservative media world",https://www.nbcnews.com/tech/social-media/desantis-twitter-conservative-media-rcna86150,"May 24, 2023",Democratic strategists said the joint Musk-DeSantis event was the latest example of the billionaire aligning himself and Twitter with conservative politics.,2023-05-24
Man convicted of murder in California campground shootings that left father dead inside tent,https://www.nbcnews.com/news/us-news/man-convicted-murder-california-campground-shootings-left-father-dead-rcna86528,"May 26, 2023","A man accused of a string of shootings in and around a Southern California campground, including the killing of a pharmaceutical scientist as he slept with his two children inside a tent, was convicted Friday of second-degree murder and other crimes, his lawyer said.",2023-05-26
Elon Musk’s brain implant company Neuralink announces FDA approval of in-human clinical study,https://www.nbcnews.com/business/business-news/elon-musks-brain-implant-company-neuralink-announces-fda-approval-huma-rcna86384,"May 26, 2023","Neuralink, the neurotech startup co-founded by Elon Musk, announced Thursday it has received approval from the Food and Drug Administration to conduct its first in-human clinical study.",2023-05-26
Ford EVs will use Tesla charging tech in surprise partnership between rival automakers,https://www.nbcnews.com/tech/tech-news/ford-evs-will-use-tesla-charging-tech-surprise-partnership-rival-autom-rcna86423,"May 26, 2023","DETROIT — Ford Motor will partner with Tesla on charging initiatives for its current and future electric vehicles in an unusual tie-up between the two rivals, CEOs of the automakers announced Thursday.",2023-05-26
"Elon Musk meets Chinese foreign minister, who calls for ‘mutual respect’ in U.S. relations",https://www.nbcnews.com/news/world/elon-musk-china-foreign-minister-us-business-rcna86777,"May 30, 2023","China’s foreign minister met Tesla CEO Elon Musk on Tuesday and said strained U.S.-Chinese relations require “mutual respect,” while delivering a message of reassurance that foreign companies are welcome.",2023-05-30
"AI risks leading humanity to 'extinction,' experts warn",https://www.nbcnews.com/tech/tech-news/ai-risks-leading-humanity-extinction-experts-warn-rcna86791,"May 30, 2023",Many of the biggest names in artificial intelligence have signed a short statement warning that their technology could spell the end of the human race.,2023-05-30
Musk leaves China after whirlwind trip filled with praise and politics,https://www.nbcnews.com/news/world/musk-china-politics-tesla-twitter-rcna87378,"Jun 02, 2023","World’s richest man Elon Musk was welcomed by top officials and hailed by citizens during his China visit, opposing “decoupling” amid China-U.S. tensions.",2023-06-02
Elon Musk meets Chinese officials in Shanghai,https://www.nbcnews.com/video/elon-musk-meets-chinese-officials-in-shanghai-179322949906,"Jun 02, 2023",,2023-06-02
California campground gunman sentenced to 119 years in string of shootings that killed a father,https://www.nbcnews.com/news/us-news/california-campground-gunman-sentenced-119-years-string-shootings-kill-rcna88268,"Jun 07, 2023","A gunman convicted of murder in a series of shootings in and around a Southern California campground that left a pharmaceutical scientist dead and spanned nearly two years was sentenced Wednesday to 119 years to life, his lawyer said.",2023-06-07
"Black workers at California Tesla factory allege rampant racism, seek class-action status",https://www.nbcnews.com/business/business-news/black-workers-california-tesla-factory-allege-rampant-racism-rcna88343,"Jun 08, 2023",Tesla may face a class-action lawsuit after 240 Black factory workers in California described rampant racism and discrimination at the electric automaker’s San Francisco Bay Area plant.,2023-06-08
Golf's PGA Tour and LIV merger is the latest power play by Saudi Arabia,https://www.nbcnews.com/business/business-news/golfs-pga-tour-liv-merger-latest-power-play-saudi-arabia-rcna88325,"Jun 08, 2023","Observers say it's the latest attempt by the Saudis to flex their influence across a breadth of American institutions, from Hollywood to Silicon Valley.",2023-06-08
GM and Ford agree to allow electric vehicle drivers to use Tesla chargers,https://www.nbcnews.com/nightly-news/video/gm-and-ford-agree-to-allow-electric-vehicle-drivers-to-use-tesla-chargers-181544005639,"Jun 09, 2023",,2023-06-09
GM’s electric vehicles will gain access to Tesla’s vast charging network,https://www.nbcnews.com/tech/tech-news/gms-electric-vehicles-will-gain-access-teslas-vast-charging-network-rcna88535,"Jun 09, 2023",Electric vehicles made by General Motors will be able to use much of Tesla’s extensive charging network beginning early next year.,2023-06-09
"Six months after ‘zero Covid,’ U.S. firms in China still face an unpredictable business climate",https://www.nbcnews.com/business/business-news/six-months-zero-covid-us-firms-china-still-face-unpredictable-business-rcna87915,"Jun 10, 2023","Government raids on foreign companies have undercut Beijing’s open-for-business message, reinforcing fears about the risks of operating in a market that remains essential.",2023-06-10
George Soros hands control of his $25 billion empire to his son Alex,https://www.nbcnews.com/business/business-news/george-soros-hands-control-25-billion-empire-son-alex-rcna88806,"Jun 12, 2023",Philanthropist billionaire George Soros confirmed that he is handing control of his $25 billion empire to his son Alex.,2023-06-12
Miami Mayor Francis Suarez files for 2024 presidential bid,https://www.nbcnews.com/politics/2024-election/miami-mayor-francis-suarez-launches-2024-presidential-bid-rcna85652,"Jun 14, 2023","GOP Miami Mayor Francis Suarez, who bills himself as a ""unifier,"" is poised to launch a long-shot bid for the Republican presidential nomination.",2023-06-14
Oakland A's stadium deal wins final legislative approval as MLB weighs Vegas move,https://www.nbcnews.com/news/sports/oakland-athletics-stadium-deal-wins-final-legislative-approval-mlb-wei-rcna89427,"Jun 14, 2023",The Oakland Athletics cleared a hurdle for their planned relocation to Las Vegas after the Nevada Legislature gave approval to public funding for a stadium.,2023-06-14
Bill Gates visits China as leaders try to revive foreign business interest,https://www.nbcnews.com/news/world/bill-gates-visits-china-microsoft-communist-party-elon-musk-economy-rcna89459,"Jun 15, 2023","BEIJING — Bill Gates says he is in Beijing, joining foreign business figures who have visited China as the ruling Party tries to revive investor interest.",2023-06-15
"Twitter is the 'most dangerous' major social media platform for LGBTQ users, GLAAD says",https://www.nbcnews.com/nbc-out/out-news/twitter-dangerous-social-media-platform-lgbtq-users-glaad-says-rcna89530,"Jun 15, 2023","All major social media platforms do poorly at protecting LGBTQ+ users from hate speech and harassment — especially those who are transgender, non-binary or gender non-conforming, the advocacy group GLAAD said Thursday. But Twitter is the worst.",2023-06-15
‘I am a fan of Modi’: Elon Musk on his friendship with India’s prime minister,https://www.nbcnews.com/news/world/-fan-modi-elon-musk-friendship-indian-prime-minister-modi-rcna90319,"Jun 21, 2023","Tesla CEO Elon Musk says he is “incredibly excited about the future of India,” adding that it has “more promise than any large country in the world.”",2023-06-21
Is Twitter ready for Europe’s new Big Tech rules? E.U. official says it has work to do,https://www.nbcnews.com/tech/tech-news/twitter-ready-europes-new-big-tech-rules-eu-official-says-work-rcna90780,"Jun 23, 2023","Twitter needs to do more work to fall in line with the European Union’s tough new digital rulebook, a top E.U. official said after overseeing a “stress test” of the company’s systems in Silicon Valley.",2023-06-23
"Lordstown Motors files for bankruptcy, sues Foxconn",https://www.nbcnews.com/business/autos/lordstown-motors-files-bankruptcy-sues-foxconn-rcna91440,"Jun 27, 2023",U.S. electric truck manufacturer Lordstown Motors filed for bankruptcy protection on Tuesday and put itself up for sale after failing to resolve a dispute over a promised investment from Taiwan’s Foxconn.,2023-06-27
Tesla sees record global deliveries after lowering prices and tapping into EV tax credits,https://www.nbcnews.com/business/autos/tesla-lower-prices-lead-to-record-global-deliveries-electric-vehicles-rcna92354,"Jul 03, 2023",Tesla reported record quarterly global auto sales after it cut prices on its autos and customers reap the benefits of renewed tax credits for purchasing its electric vehicles.,2023-07-03
NHTSA presses Tesla for more records in Autopilot safety probe,https://www.nbcnews.com/business/business-news/nhtsa-presses-tesla-records-autopilot-safety-probe-rcna92869,"Jul 06, 2023",Tesla must send extensive new records to the National Highway Traffic and Safety Administration as part of an Autopilot safety probe — or else face steep fines.,2023-07-06
The (figurative) cage match between Mark Zuckerberg and Elon Musk is on,https://www.nbcnews.com/tech/tech-news/instagram-threads-twitter-zuckerberg-musk-fight-match-rcna92840,"Jul 07, 2023","With the release of Instagram Threads, it seems Mark Zuckerberg and Elon Musk are already going head-to-head as the war between Meta and and Twitter escalates.",2023-07-07
GOP presidential candidate says he wouldn't do business with Trump,https://www.nbcnews.com/politics/2024-election/gop-presidential-candidate-burgum-says-wouldnt-business-trump-rcna93167,"Jul 09, 2023","The businessman turned North Dakota governor told ""Meet the Press"" that ""it’s important that you’re judged by the company you keep.""",2023-07-09
Elizabeth Warren urges SEC to investigate Tesla over Twitter ties and corporate governance,https://www.nbcnews.com/tech/tech-news/elizabeth-warren-urges-sec-investigate-tesla-twitter-ties-corporate-go-rcna94740,"Jul 17, 2023","Sen. Elizabeth Warren, D-Mass., sent a letter urging the U.S.",2023-07-17
"No Labels makes its case for a third-party bid, but questions remain",https://www.nbcnews.com/meet-the-press/first-read/no-labels-makes-case-third-party-bid-questions-remain-rcna94824,"Jul 18, 2023","No Labels is starting to make its case for a potential third-party presidential bid, but so far we have more questions than answers.",2023-07-18
"Chinese electric vehicle makers lead the world, rivaling U.S. pioneers",https://www.nbcnews.com/news/world/chinese-electric-vehicle-makers-lead-world-rivaling-us-pioneers-rcna88990,"Jul 18, 2023","Chinese electric vehicle companies have grown rapidly in recent years, becoming major competitors for American automakers like Tesla.",2023-07-18
Victims want Morgan Stanley to answer for ex-financial adviser's Ponzi scheme,https://www.nbcnews.com/business/business-news/victims-want-morgan-stanley-answer-ex-financial-advisors-ponzi-scheme-rcna95326,"Jul 20, 2023",A former Morgan Stanley financial adviser has been sentenced to more than seven years in prison after admitting he ran a $7 million Ponzi scheme at the firm for more than a decade.,2023-07-20
Major automakers unite to build electric vehicle charging network they say will rival Tesla’s,https://www.nbcnews.com/tech/tech-news/major-automakers-unite-build-electric-vehicle-charging-network-say-wil-rcna96460,"Jul 26, 2023",DETROIT — Seven major automakers say they’re joining forces to build a North American electric vehicle charging network that would rival Tesla’s and nearly double the number of fast-charging plugs in the U.S. and Canada.,2023-07-26
"Tesla under investigation by California attorney general over Autopilot safety, marketing",https://www.nbcnews.com/tech/tech-news/tesla-investigation-california-attorney-general-autopilot-safety-marke-rcna96534,"Jul 26, 2023","The California attorney general’s office is investigating Tesla, seeking information from customers and former employees about Autopilot safety issues and false advertising complaints, CNBC has learned.",2023-07-26
"Obamas’ chef conspiracy theories get a boost on Twitter, now X",https://www.nbcnews.com/tech/internet/evidence-free-conspiracy-theories-obamas-chef-get-boost-x-formerly-kno-rcna96255,"Jul 26, 2023","The social media platform X, newly renamed from Twitter, is hosting wild conspiracy theories without evidence claiming that there was foul play in the death of the Obamas’ personal chef on a Martha’s Vineyard pond.",2023-07-26
"‘X’ logo installed atop Twitter building, spurring San Francisco to investigate permit violation",https://www.nbcnews.com/news/us-news/x-logo-installed-twitter-building-spurring-san-francisco-investigate-p-rcna97065,"Jul 29, 2023",SAN FRANCISCO — The city of San Francisco has opened a complaint and launched an investigation into a giant “X” sign that was installed Friday on top of the downtown building formerly known as Twitter headquarters as owner Elon Musk continues his rebrand of the social media platform.,2023-07-29
Elon Musk's X Corp. sues nonprofit group that tracks hate speech,https://www.nbcnews.com/tech/tech-news/elon-musks-x-corp-sues-nonprofit-group-tracks-hate-speech-rcna97511,"Aug 01, 2023","X Corp., the parent company of the social media platform formerly known as Twitter, filed a lawsuit against a nonprofit organization that monitors hate speech.",2023-08-01
Twitter commandeers @music handle from user with half a million followers,https://www.nbcnews.com/tech/tech-news/twitter-commandeers-music-handle-user-half-million-followers-rcna98373,"Aug 05, 2023","Social network Twitter, recently rebranded as X, has commandeered the handle @music from an open-source software developer who told CNBC he created the account in 2007, and had built a community of around half a million followers there.",2023-08-05
"Musk teases MMA fight but also says he needs surgery; Zuckerberg says, 'I'm ready'",https://www.nbcnews.com/tech/tech-news/musk-says-mma-fight-will-streamed-x-zuckerberg-says-ready-rcna98452,"Aug 06, 2023","Facebook co-founder Mark Zuckerberg put a proposed mixed martial arts bout with Twitter buyer Elon Musk back in play Sunday by saying, ""I'm ready.""",2023-08-06
Tesla CFO Zach Kirkhorn steps down,https://www.nbcnews.com/business/business-news/tesla-cfo-zach-kirkhorn-steps-rcna98534,"Aug 07, 2023","Tesla’s chief financial officer, Zach Kirkhorn, stepped down from his position, effective Aug.",2023-08-07
Vietnamese EV maker VinFast is now worth more than Ford and GM after Nasdaq debut,https://www.nbcnews.com/news/world/vietnamese-ev-maker-vinfast-now-ford-gm-nasdaq-debut-rcna100350,"Aug 17, 2023","Vietnamese EV maker VinFast’s shares jumped after its U.S. trading debut, vaulting its total market value past world-leading automakers such as Ford and GM.",2023-08-17
Elon Musk and Mark Zuckerberg are among the tech execs who will attend the Senate's first AI forum,https://www.nbcnews.com/politics/congress/elon-musk-mark-zuckerberg-attend-first-senate-ai-forum-rcna102251,"Aug 28, 2023","Representatives from advocacy, civil rights, worker and creative groups will also attend the closed-door bipartisan meeting on Sept. 13.",2023-08-28
Tesla braces for its first trial involving Autopilot fatality,https://www.nbcnews.com/business/business-news/tesla-braces-first-trial-involving-autopilot-fatality-rcna102136,"Aug 28, 2023","Tesla is set to defend itself for the first time at trial against allegations that failure of its Autopilot driver assistant feature led to death, in what will likely be a major test of Chief Executive Elon Musk’s assertions about the technology.",2023-08-28
Tesla ordered by auto regulators to provide data on ‘Elon mode’ Autopilot configuration,https://www.nbcnews.com/business/autos/tesla-ordered-auto-regulators-provide-data-elon-mode-autopilot-configu-rcna102498,"Aug 30, 2023","Tesla has received a special order from federal automotive safety regulators requiring the company to provide extensive data about its driver assistance and driver monitoring systems, and a once secret configuration for these known as “Elon mode.”",2023-08-30
Tesla releases refreshed Model 3 with longer driving range in China,https://www.nbcnews.com/business/autos/tesla-releases-refreshed-model-3-longer-driving-range-china-rcna102967,"Sep 01, 2023","Tesla on Friday unveiled a restyled, made-in-China Model 3 with a longer driving range, the first time the automaker has launched a new model in China ahead of the United States.",2023-09-01
"Cars are collecting data on par with Big Tech, watchdog report finds",https://www.nbcnews.com/tech/security/cars-are-collecting-data-par-big-tech-watchdog-report-finds-rcna103590,"Sep 06, 2023","An internet and privacy watchdog has a warning: Your car is tracking you, and it’s collecting far more information than it needs just to get you where you’re going.",2023-09-06
Everything you need to know about the potential UAW strike,https://www.nbcnews.com/business/business-news/what-know-uaw-strike-auto-companies-ford-general-motors-rcna103725,"Sep 08, 2023","Get the latest information about the United Auto Workers’ potential strike, from the changes UAW employees are demanding to where contract negotiations stand.",2023-09-08
"Musk, Zuckerberg, Gates: The titans of tech will talk AI at private Capitol summit",https://www.nbcnews.com/politics/congress/musk-zuckerberg-gates-ai-congress-meeting-testify-rcna103922,"Sep 11, 2023","Congress turns its attention to artificial intelligence this week, with Elon Musk, Facebook co-founder Mark Zuckerberg and Bill Gates coming to the Capitol.",2023-09-11
Tech execs warn lawmakers to keep AI 'under the control of people',https://www.nbcnews.com/politics/congress/congress-ai-artificial-intelligence-hearing-rcna104501,"Sep 12, 2023","A day before titans of Big Tech descend upon the Capitol, senators held a hearing to examine artificial intelligence legislation.",2023-09-12
Elon Musk warns of 'civilizational risk' posed by AI in meeting with tech CEOs and senators,https://www.nbcnews.com/politics/congress/big-tech-ceos-ai-meeting-senators-musk-zuckerberg-rcna104738,"Sep 13, 2023","Elon Musk warned in a meeting with senators and other tech CEOs about the ""civilizational risk"" posed by artificial intelligence, in a closed-door forum Wednesday.",2023-09-13
Why the United Auto Workers want big raises,https://www.nbcnews.com/business/business-news/uaw-strike-pay-benefits-raises-big-three-automakers-rcna103716,"Sep 13, 2023","Days ahead of a potential strike, the United Auto Workers’ standoff with the “Big Three” U.S. automakers—GM, Ford and Stellantis—revolves heavily around pay.",2023-09-13
"Taiwan slams Elon Musk, says it’s ‘not for sale’ or part of China",https://www.nbcnews.com/news/world/taiwan-slams-elon-musk-says-not-sale-part-china-rcna105006,"Sep 14, 2023","Taiwan is “not for sale,” and neither is it part of China, said Taiwan’s Ministry of Foreign Affairs, in a rebuke to Elon Musk who called the island “an integral part of China.”",2023-09-14
Why Detroit's Big Three are fighting to dominate the next generation of the car industry,https://www.nbcnews.com/business/economy/uaw-strike-how-ford-gm-fighting-to-dominate-changing-car-industry-rcna105100,"Sep 14, 2023","Many of the core issues in the labor dispute between the United Auto Workers and the Big Three U.S. automakers are familiar: salary increases, sick days and pay grades.",2023-09-14
Three senators ask DOD if Musk undermined Ukraine by limiting Starlink access,https://www.nbcnews.com/politics/national-security/warren-shaheen-duckworth-pentagon-musk-ukraine-starlink-russia-war-rcna105151,"Sep 15, 2023","Sens. Shaheen, Warren and Duckworth are asking the U.S. military if Elon Musk limited Ukraine’s access to Starlink at a crucial point in the war with Russia.",2023-09-15
Striking autoworkers want to end a system that pays different wages for the same job,https://www.nbcnews.com/business/business-news/uaw-strike-tiered-pay-big-three-automakers-wages-rcna104851,"Sep 16, 2023","Striking auto workers want to be paid more equally, setting their sights on a staggered wage system that they say is unfair.",2023-09-16
UAW strike: Sen. Fetterman to walk picket line in Michigan as UAW strike enters second day,https://www.nbcnews.com/news/live-blog/live-updates-uaw-strike-sen-fetterman-walk-picket-line-michigan-uaw-st-rcna105401,"Sep 16, 2023","UAW President Shawn Fain says union leaders and the Big Three automakers will resume contract negotiations Saturday, more than 24 hours after the strike began.",2023-09-16
"Elon Musk says Twitter, now X, is moving to small monthly subscription",https://www.nbcnews.com/tech/tech-news/elon-musk-says-x-moving-small-monthly-subscription-rcna105720,"Sep 18, 2023","Elon Musk discussed his plans for Twitter, now called X, on Monday during a livestreamed conversation with Israeli Prime Minister Benjamin Netanyahu.",2023-09-18
"EEOC sues Tesla, alleges racist harassment of Black workers, retaliation against those who spoke out",https://www.nbcnews.com/tech/tech-news/eeoc-sues-tesla-alleges-racist-harassment-black-workers-rcna117954,"Sep 28, 2023","The EEOC has sued Tesla, accusing Elon Musk’s electric car maker of violating “federal law by tolerating widespread and ongoing racial harassment of its Black employees and by subjecting some of these workers to retaliation for opposing the harassment.”",2023-09-28
EEOC sues Tesla over alleged racial harassment of Black workers,https://www.nbcnews.com/now/video/eeoc-sues-tesla-over-alleged-racial-harassment-of-black-workers-194020933958,"Sep 28, 2023",,2023-09-28
Elon Musk wades into U.S. immigration debate at Texas-Mexico border,https://www.nbcnews.com/news/us-news/elon-musk-wades-us-immigration-debate-texas-mexico-border-rcna118030,"Sep 29, 2023","Billionaire Elon Musk waded into the U.S. immigration debate on Thursday, paying a visit to the Texas border with Mexico to meet with local politicians and law enforcement and obtain what he called an “unfiltered” view of the situation.",2023-09-29
What was Elon Musk’s strategy for Twitter? A fired Trump White House staffer offers a tantalizing clue,https://www.nbcnews.com/tech/was-elon-musks-strategy-twitter-rcna118490,"Oct 02, 2023","A year after Elon Musk acquired Twitter, a game plan published by a fired Trump White House staffer provides a clue about his strategy for the social media platform.",2023-10-02
Chinese self-driving car testing in California stirs controversy,https://www.nbcnews.com/tech/tech-news/chinese-self-driving-car-testing-china-california-pony-ai-waymo-cruise-rcna102787,"Oct 03, 2023",Self-driving china,2023-10-03
Nonunion autoworkers are watching the UAW — and deciding whether they want in,https://www.nbcnews.com/business/business-news/nonunion-autoworkers-uaw-strike-labor-unions-rcna105600,"Oct 03, 2023","It isn’t just UAW members who are watching the expanding strikes at GM, Ford and Stellantis plants. Nonunion autoworkers at rival companies are paying attention, too.",2023-10-03
SEC sues to force Elon Musk to testify in Twitter probe,https://www.nbcnews.com/tech/tech-news/sec-sues-force-elon-musk-testify-twitter-probe-rcna119108,"Oct 05, 2023",The U.S. Securities and Exchange Commission sued Elon Musk on Thursday in an effort to compel the billionaire to testify over his purchase of Twitter last year.,2023-10-05
"In rare move, Ford executive chair calls on UAW to make a deal and end 'acrimonious' talks",https://www.nbcnews.com/business/business-news/ford-executive-chair-calls-uaw-make-deal-end-acrimonious-talks-rcna120781,"Oct 17, 2023",Ford Motor Executive Chair Bill Ford on Monday warned that an ongoing strike by the United Auto Workers threatens the future livelihood of the company as well as the American automotive industry.,2023-10-17
UAW strike expands again as union says it shut down Ram truck plant,https://www.nbcnews.com/business/business-news/uaw-autoworker-strike-expands-ram-truck-plant-shut-down-rcna121389,"Oct 23, 2023","The United Auto Workers union says it expanded its strike again Monday, as 6,800 people stopped working at a plant that makes Ram 1500 trucks.",2023-10-23
Gavin Newsom meets with Xi Jinping on China climate trip,https://www.nbcnews.com/news/world/china-xi-jinping-california-govenor-gavin-newsom-climate-change-rcna121841,"Oct 25, 2023",California Gov. Gavin Newsom met with Chinese President Xi Jinping in Beijing on Wednesday during a trip promoting climate cooperation with China.,2023-10-25
Delegates of 28 nations agree to work together on AI risks,https://www.nbcnews.com/tech/tech-news/uk-summit-aims-tackle-thorny-issues-cutting-edge-ai-risks-rcna123132,"Nov 01, 2023","BLETCHLEY PARK, England — Delegates from 28 nations, including the U.S. and China, agreed Wednesday to work together to contain the potentially “catastrophic” risks posed by galloping advances in artificial intelligence.",2023-11-01
Meta CEO Mark Zuckerberg tore his ACL while training for a competitive MMA fight,https://www.nbcnews.com/news/us-news/meta-ceo-mark-zuckerberg-tore-acl-training-competitive-mma-fight-rcna123673,"Nov 04, 2023","Meta CEO Mark Zuckerberg just had surgery as a result of an injury to his ACL that occurred during mixed-martial arts training, according to CNBC.",2023-11-04
"Elon Musk debuts 'Grok,' an AI bot to rival ChatGPT and others",https://www.nbcnews.com/tech/tech-news/elon-musk-debuts-grok-ai-bot-rival-chatgpt-others-rcna123751,"Nov 05, 2023","Meet Grok, the first technology out of Elon Musk’s new AI company, xAI.",2023-11-05
GM’s Cruise recalls 950 robotaxis after pedestrian collision,https://www.nbcnews.com/tech/tech-news/gms-cruise-recalls-950-robotaxis-pedestrian-collision-rcna124195,"Nov 08, 2023","Cruise, the autonomous vehicle venture owned by General Motors, has issued a recall effecting 950 of its robotaxis following a pedestrian collision in San Francisco last month.",2023-11-08
"Elon Musk movie in the works at A24, with Darren Aronofsky slated to direct",https://www.nbcnews.com/pop-culture/pop-culture-news/elon-musk-movie-works-a24-darren-aronofsky-slated-direct-rcna124628,"Nov 10, 2023","A24 is developing a biopic about tech mogul Elon Musk set to be directed by Oscar-nominated filmmaker Darren Aronofsky, according to a source.",2023-11-10
Whoever ends up portraying Elon Musk in biopic could be bound for Oscar glory,https://www.nbcnews.com/pop-culture/movies/whoever-ends-portraying-elon-musk-biopic-bound-oscar-glory-rcna124829,"Nov 12, 2023",Maybe the hottest question in Hollywood right now is: Who will play Elon Musk?,2023-11-12
"Pandas may return to California, China’s Xi says",https://www.nbcnews.com/news/world/xi-jinping-china-pandas-california-biden-summit-rcna125471,"Nov 16, 2023","Pandas might soon be returning to California, Chinese President Xi Jinping suggested Wednesday at a dinner attended by hundreds of U.S. business leaders.",2023-11-16
"Disney, Apple among major companies to pull business from X after Elon Musk's antisemitic post",https://www.nbcnews.com/tech/tech-news/antisemites-are-saying-elon-musk-side-latest-tweets-jews-rcna125617,"Nov 16, 2023","SAN FRANCISCO — Tech billionaire Elon Musk faced a third day of backlash Friday from Jewish leaders, the White House and media advertisers including Disney and Apple after he embraced an antisemitic conspiracy theory earlier in the week, the latest in a pattern of his echoing anti-Jewish bigotry going back years.",2023-11-16
"OpenAI says Sam Altman exiting as CEO, was 'not consistently candid' with board",https://www.nbcnews.com/tech/tech-news/openai-says-sam-altman-exiting-ceo-was-not-consistently-candid-board-rcna125776,"Nov 17, 2023",OpenAI’s board of directors said Friday that Sam Altman will step down as CEO and will be replaced on an interim basis by technology chief Mira Murati.,2023-11-17
DeSantis refuses to address Elon Musk’s antisemitic post: 'I’ve never seen him indulge in any of that',https://www.nbcnews.com/politics/2024-election/desantis-refuses-address-elon-musks-antisemitic-post-ve-never-seen-ind-rcna125893,"Nov 19, 2023",Florida Gov. Ron DeSantis on Sunday refused to condemn a post that Elon Musk made on X endorsing an antisemitic tweet that alluded to a white supremacist conspiracy theory.,2023-11-19
"OpenAI shakeup has rocked Silicon Valley, leaving some techies concerned about future of AI",https://www.nbcnews.com/tech/tech-news/openai-shakeup-rocked-silicon-valley-leaving-techies-concerned-future-rcna125922,"Nov 19, 2023",A wide swath of Silicon Valley has hitched its hopes and fortunes over the past few years to the kind of generative artificial intelligence technologies that OpenAI helped popularize.,2023-11-19
"UAW members officially ratify new contract with Detroit's Big Three, union says",https://www.nbcnews.com/business/business-news/uaw-officially-ratifies-new-contract-ford-gm-stellantis-rcna125708,"Nov 20, 2023",The United Auto Workers announced Monday that employees at each of the Big Three U.S. automakers officially ratified new contracts.,2023-11-20
Cruise CEO Kyle Vogt resigns from GM-owned robotaxi unit,https://www.nbcnews.com/business/business-news/cruise-ceo-kyle-vogt-resigns-gm-owned-robotaxi-unit-rcna125980,"Nov 20, 2023","Cruise CEO and co-founder Kyle Vogt has resigned from his role at the autonomous vehicle venture owned by General Motors, according to a company statement sent to CNBC on Sunday.",2023-11-20
What’s Merriam-Webster’s word of the year for 2023? Hint: Be true to yourself,https://www.nbcnews.com/news/us-news/s-merriam-websters-word-year-2023-hint-true-rcna126791,"Nov 27, 2023","In an age of deepfakes and post-truth, as artificial intelligence rose and Elon Musk turned Twitter into X, the Merriam-Webster word of the year for 2023 is “authentic.”",2023-11-27
Elon Musk visits Israel to meet top leaders as accusations of antisemitism on X grow,https://www.nbcnews.com/tech/social-media/elon-musk-visits-israel-meet-top-leaders-accusations-antisemitism-x-gr-rcna126874,"Nov 27, 2023","Elon Musk, who’s been under fire for endorsing an antisemitic conspiracy theory and wider accusations of hatred flourishing on his social media platform X, visited Israel, where he toured a kibbutz attacked by Hamas militants and held talks with top leaders.",2023-11-27
"Thousands of autoworkers at Toyota, Honda and others move to unionize after UAW victory over the Big Three",https://www.nbcnews.com/business/business-news/thousands-autoworkers-toyota-honda-union-effort-uaw-rcna127264,"Nov 29, 2023",The United Auto Workers union said Wednesday it is trying to unionize employees at 13 companies that build cars in the U.S.,2023-11-29
"Elon Musk claims advertisers are trying to ‘blackmail’ him, says ‘Go f--- yourself’",https://www.nbcnews.com/tech/tech-news/elon-musk-advertisers-are-trying-blackmail-go-f-rcna127290,"Nov 29, 2023","Speaking at the 2023 DealBook Summit in New York on Wednesday, Elon Musk, the owner of social media site X (formerly Twitter), scoffed at advertisers leaving the platform because of antisemitic posts he amplified there.",2023-11-29
Elon Musk hypes Tesla Cybertruck at deliveries event in Austin,https://www.nbcnews.com/tech/tech-news/elon-musk-hypes-tesla-cybertruck-deliveries-event-austin-rcna127513,"Nov 30, 2023","Tesla CEO Elon Musk took the stage to reveal details about the company’s new and unconventional Cybertruck pickup on Thursday in Austin, Texas, one day after he appeared in a bizarre interview at the DealBook Summit in New York.",2023-11-30
Tesla begins deliveries of its Cybertruck years after viral glass test,https://www.nbcnews.com/video/tesla-begins-deliveries-of-its-cybertruck-years-after-viral-glass-test-199116869935,"Nov 30, 2023",,2023-11-30
"Man plotted 'mass casualty' attack at Cybertruck event attended by Elon Musk in Texas, officials say",https://www.nbcnews.com/news/us-news/man-plotted-mass-casualty-attack-cybertruck-event-attended-elon-musk-t-rcna127584,"Dec 01, 2023","A Florida man was arrested this week after allegedly planning to commit a ""mass casualty event"" at Tesla headquarters in Texas during a Cybertruck promotion attended by Elon Musk, prosecutors said.",2023-12-01
Ex-employee charged with stealing $22M from Jacksonville Jaguars for luxury shopping spree,https://www.nbcnews.com/business/business-news/former-jacksonville-jaguars-employee-charged-stealing-22-million-team-rcna128529,"Dec 07, 2023","Prosecutors have charged a former employee of the NFL's Jacksonville Jaguars with stealing $22 million from the team and spending it on a condo, cars, cryptocurrencies, gambling, a $95,000 watch and more.",2023-12-07
Elon Musk company properties in Texas valued at $2.5 billion,https://www.nbcnews.com/tech/tech-news/elon-musk-property-texas-value-wealth-billion-worth-house-rcna124269,"Dec 08, 2023",The appraised value of properties in Texas owned by Elon Musk's companies has climbed in recent years to at least $2.5 billion.,2023-12-08
Elon Musk asks Supreme Court to undo ‘Twitter sitter’ agreement with SEC,https://www.nbcnews.com/tech/tech-news/elon-musk-asks-supreme-court-undo-twitter-sitter-agreement-sec-rcna128705,"Dec 08, 2023","Tesla CEO Elon Musk is asking the U.S. Supreme Court to undo a settlement agreement that he and the automaker struck with the Securities and Exchange Commission requiring a company lawyer, or a “Twitter sitter,” to review and approve his Tesla-related tweets.",2023-12-08
Elon Musk restores X account of conspiracy theorist Alex Jones,https://www.nbcnews.com/news/us-news/elon-musk-restores-x-account-conspiracy-theorist-alex-jones-rcna128918,"Dec 10, 2023","Elon Musk has restored the X account of conspiracy theorist Alex Jones, pointing to a poll on the social media platform formerly known as Twitter that came out in favor of the Infowars host who repeatedly called the 2012 Sandy Hook school shooting a hoax.",2023-12-10
"Traffic from Elon Musk’s Starlink satellites tripled this year, says new report",https://www.nbcnews.com/tech/innovation/elon-musk-starlink-satellite-traffic-brazil-us-ukraine-gaza-rcna129100,"Dec 12, 2023","U.S. traffic from Starlink grew by more than 150% this year compared with 2022, Cloudflare said in the end-of-year report.",2023-12-12
Nightly News Full Broadcast (December 13th),https://www.nbcnews.com/nightly-news-netcast/video/nightly-news-full-broadcast-december-13th-200178245555,"Dec 13, 2023",,2023-12-13
Tesla issues massive recall involving autopilot feature,https://www.nbcnews.com/nightly-news/video/tesla-issues-massive-recall-involving-autopilot-feature-200173637928,"Dec 13, 2023",,2023-12-13
Tesla issues massive recall of more than 2 million vehicles over autopilot safety concerns,https://www.nbcnews.com/news/us-news/tesla-issues-massive-recall-2-million-vehicles-autopilot-safety-concer-rcna129486,"Dec 13, 2023","Tesla is recalling more than 2 million of its vehicles, nearly all its cars on the road in the U.S., after an investigation found its autopilot safety system was “not sufficient to prevent driver misuse.”",2023-12-13
"Pedestrians, already dying at record levels, now face Elon Musk’s Cybertruck",https://www.nbcnews.com/tech/tech-news/pedestrians-already-dying-record-levels-now-face-elon-musks-cybertruck-rcna128603,"Dec 13, 2023","As vehicles get bigger and heavier, they also get deadlier.",2023-12-13
"Tesla recalls 120,000 vehicles over potentially faulty doors that could open in a crash",https://www.nbcnews.com/business/business-news/tesla-recall-2023-vehicles-model-luxury-sedan-suv-rcna130950,"Dec 22, 2023",Tesla is recalling Tesla Model S luxury sedans and Model X SUVs manufactured in 2022 and 2023 due to the vehicles’ failure to comply with U.S. government regulations.,2023-12-22
5 twists that could upend Democrats' best-laid plans for the 2024 election,https://www.nbcnews.com/politics/2024-election/5-twists-upend-democrats-2024-election-plans-rcna129935,"Dec 29, 2023",There are five unpredictable dynamics that could spoil Democrats' plans for Joe Biden to defeat Donald Trump in the 2024 presidential election.,2023-12-29
"SpaceX illegally fired workers critical of Elon Musk, U.S. labor agency says",https://www.nbcnews.com/tech/tech-news/spacex-illegally-fired-workers-critical-elon-musk-us-labor-agency-says-rcna132250,"Jan 04, 2024",Rocket and satellite maker SpaceX on Wednesday was accused by a U.S. labor agency of unlawfully firing eight employees for circulating a letter calling founder and CEO Elon Musk a “distraction and embarrassment.”,2024-01-04
"Tesla recalls over 1.6 million vehicles in China to fix automatic steering, door latch glitches",https://www.nbcnews.com/news/world/tesla-recalls-16-million-vehicles-china-fix-automatic-steering-door-la-rcna132447,"Jan 05, 2024","BEIJING — Tesla is recalling more than 1.6 million Model S, X, 3 and Y electric vehicles exported to China for problems with their automatic assisted steering and door latch controls.",2024-01-05
"Once laughed off by Musk, China's BYD has taken Tesla’s EV crown",https://www.nbcnews.com/tech/tech-news/laughed-musk-chinas-byd-taken-teslas-ev-crown-rcna132444,"Jan 05, 2024","BYD dethroned Tesla in the fourth quarter as the top EV maker, selling more battery-powered vehicles than its U.S. rival.",2024-01-05
Elon Musk criticized by civil rights groups for posts calling DEI initiatives unsafe,https://www.nbcnews.com/tech/internet/elon-musk-boeing-dei-diversity-x-posts-pilots-rcna133351,"Jan 10, 2024",Elon Musk drew a swift rebuke from the NAACP after he criticized diversity and DEI efforts by United Airlines and Boeing.,2024-01-10
"As EV sales growth slows, some drivers could buy one for as little as $10,000 this year",https://www.nbcnews.com/business/autos/buy-ev-2024-electric-car-sales-slow-rcna132944,"Jan 14, 2024","Cooling demand for electric vehicles is bringing down prices, but tighter battery requirements leave fewer cars eligible for federal tax credits.",2024-01-14
EV drivers wrestle with cold weather sapping their battery range,https://www.nbcnews.com/business/autos/ev-battery-range-cold-weather-charging-rcna134355,"Jan 18, 2024","Electric vehicles' batteries don’t work as efficiently in the cold, and regulating cabin temperature can gobble up a lot of power, depending on a model's HVAC.",2024-01-18
"Elon Musk, rebuked by the White House for pushing antisemitic rhetoric, expected to visit Auschwitz",https://www.nbcnews.com/news/world/elon-musk-ceo-x-visit-poland-antisemitism-uproar-rcna134759,"Jan 19, 2024",Elon Musk was blasted for endorsing a false anti-Jewis claim posted on his social media site X. Next week he will take part in a panel on online antisemitism and reportedly toured the Nazi death camp Auschwitz.,2024-01-19
"Elon Musk says he's 'Jewish by association' after Auschwitz visit, sees 'almost no antisemitism'",https://www.nbcnews.com/news/us-news/elon-musk-says-jewish-association-auschwitz-visit-sees-almost-no-antis-rcna135271,"Jan 23, 2024","Elon Musk said he is ""Jewish by association"" during a conversation with conservative commentator Ben Shapiro after a visit to the former Nazi concentration camp in Auschwitz, Poland.",2024-01-23
Waymo planning expansion of autonomous taxis to L.A.,https://www.nbcnews.com/tech/innovation/waymo-la-california-sf-los-angeles-rcna135335,"Jan 23, 2024","In a filing, Waymo said that it planned to expand its self-driving operations to Los Angeles.",2024-01-23
"The economy is doing better than expected. Your 401(k) probably is, too.",https://www.nbcnews.com/business/economy/economy-better-expected-401k-probably-rcna135302,"Jan 25, 2024","Nearly everyone thought a recession was likely to hit last year. Instead, 2023 saw better-than-expected economic growth and falling inflation — cheering Wall Street and retirement savers alike.",2024-01-25
"Tesla recalls 200,000 vehicles over backup camera glitch",https://www.nbcnews.com/business/autos/tesla-recalls-200000-vehicles-backup-camera-glitch-which-models-years-rcna135839,"Jan 26, 2024","Tesla is recalling approximately 200,000 vehicles over a software glitch that can prevent rearview cameras from displaying properly.",2024-01-26
Elon Musk says his startup Neuralink has implanted a device in its first human,https://www.nbcnews.com/tech/tech-news/elon-musk-says-startup-neuralink-implanted-device-first-human-rcna136285,"Jan 29, 2024","Tech billionaire Elon Musk said Monday that his brain-science startup company, Neuralink, had implanted a device in a human for the first time, a possible step toward a product that he said would allow people to control almost any external device “just by thinking.”",2024-01-29
Judge voids Elon Musk's $56 billion Tesla pay package,https://www.nbcnews.com/now/video/judge-voids-elon-musk-s-56-billion-tesla-pay-package-203266629845,"Jan 30, 2024",,2024-01-30
Judge throws out Elon Musk's $56 billion Tesla pay package,https://www.nbcnews.com/business/business-news/judge-throws-elon-musks-56-billion-tesla-pay-package-rcna136468,"Jan 30, 2024","A Delaware judge on Tuesday voided the $56 billion pay package of Tesla CEO Elon Musk, ruling that the company’s board of directors failed to prove “that the compensation plan was fair.”",2024-01-30
